name,age,nationality,team,position,appearances,starts,minutes,goals,assists,total_passes,penalty_goals,yellow_card,red_card,team_id,total_team_goals,goals_per_match,non_penalty_goals,goal_contribution,minutes_per_goal,goal_contribution_ratio
E. Haaland,25,Norway,Manchester City,Attacker,31,29,2559,27,5,381,7,1,0,65,96,0.87,20,32,94.78,0.28125
C. Palmer,23,England,Chelsea,Midfielder,33,29,2618,22,11,1302,9,7,0,61,77,0.67,13,33,119.0,0.2857142857142857
A. Isak,26,Sweden,Newcastle,Attacker,30,27,2267,21,2,474,5,1,0,67,85,0.7,16,23,107.95,0.24705882352941178
O. Watkins,30,England,Aston Villa,Attacker,37,37,3227,19,13,590,0,4,0,58,76,0.51,19,32,169.84,0.25
P. Foden,25,England,Manchester City,Midfielder,35,33,2868,19,8,1670,0,2,0,65,96,0.54,19,27,150.95,0.19791666666666666
D. Solanke,28,England,Bournemouth,Attacker,38,37,3332,19,3,533,2,3,0,1044,54,0.5,17,22,175.37,0.35185185185185186
Mohamed Salah,33,Egypt,Liverpool,Attacker,32,28,2536,18,10,935,5,2,0,64,86,0.56,13,28,140.89,0.20930232558139536
Son Heung-Min,33,Korea Republic,Tottenham,Attacker,35,34,2948,17,10,1025,2,1,0,73,74,0.49,15,27,173.41,0.22972972972972974
J. Mateta,28,France,Crystal Palace,Attacker,35,25,2284,16,5,413,2,3,0,354,57,0.46,14,21,142.75,0.2807017543859649
J. Bowen,29,England,West Ham,Attacker,34,34,3021,16,6,622,0,2,0,563,60,0.47,16,22,188.81,0.26666666666666666
B. Saka,24,England,Arsenal,Attacker,35,35,2937,16,8,1310,6,4,0,57,91,0.46,10,24,183.56,0.17582417582417584
N. Jackson,24,Senegal,Chelsea,Attacker,35,31,2809,14,5,658,0,10,0,61,77,0.4,14,19,200.64,0.18181818181818182
C. Wood,34,New Zealand,Nottingham Forest,Attacker,31,20,1808,14,1,431,0,0,0,351,49,0.45,14,15,129.14,0.2857142857142857
K. Havertz,26,Germany,Arsenal,Attacker,37,30,2639,13,7,932,1,11,0,57,91,0.35,12,20,203.0,0.14285714285714285
Hwang Hee-Chan,29,Korea Republic,Wolves,Attacker,29,25,2125,12,3,530,1,6,0,76,50,0.41,11,15,177.08,0.24
Y. Wissa,29,Congo DR,Brentford,Midfielder,34,29,2509,12,3,440,0,7,0,402,56,0.35,12,15,209.08,0.21428571428571427
L. Trossard,31,Belgium,Arsenal,Attacker,34,18,1647,12,1,607,0,2,0,57,91,0.35,12,13,137.25,0.13186813186813187
Matheus Cunha,26,Brazil,Wolves,Attacker,32,29,2454,12,7,786,1,9,0,76,50,0.38,11,19,204.5,0.24
Richarlison,28,Brazil,Tottenham,Attacker,28,18,1493,11,4,373,0,3,0,73,74,0.39,11,15,135.73,0.14864864864864866
E. Eze,27,England,Crystal Palace,Midfielder,27,24,2063,11,4,790,1,3,0,354,57,0.41,10,15,187.55,0.19298245614035087
A. Gordon,24,England,Newcastle,Attacker,35,34,2906,11,10,922,1,11,0,67,85,0.31,10,21,264.18,0.12941176470588237
J. Álvarez,25,Argentina,Manchester City,Attacker,36,31,2658,11,8,1110,2,2,0,65,96,0.31,9,19,241.64,0.11458333333333333
C. Morris,30,England,Luton,Attacker,38,32,2866,11,4,720,5,4,0,389,52,0.29,6,15,260.55,0.21153846153846154
D. Núñez,26,Uruguay,Liverpool,Attacker,36,22,2047,11,8,465,0,9,0,64,86,0.31,11,19,186.09,0.12790697674418605
L. Bailey,28,Jamaica,Aston Villa,Midfielder,35,22,2076,10,9,701,0,5,0,58,76,0.29,10,19,207.6,0.13157894736842105
E. Adebayo,27,England,Luton,Attacker,27,16,1418,10,0,197,0,1,0,389,52,0.37,10,10,141.8,0.19230769230769232
Diogo Jota,29,Portugal,Liverpool,Attacker,21,14,1150,10,3,384,0,2,0,64,86,0.48,10,13,115.0,0.11627906976744186
Bruno Fernandes,31,Portugal,Manchester United,Midfielder,35,35,3120,10,8,1912,4,9,0,66,57,0.29,6,18,312.0,0.17543859649122806
M. Olise,24,France,Crystal Palace,Midfielder,19,14,1276,10,6,606,1,0,0,354,57,0.53,9,16,127.6,0.17543859649122806
C. Wilson,33,England,Newcastle,Attacker,20,9,983,9,1,158,2,3,0,67,85,0.45,7,10,109.22,0.10588235294117647
João Pedro,24,Brazil,Brighton,Attacker,31,19,2041,9,3,774,4,2,0,397,55,0.29,5,12,226.78,0.16363636363636364
Douglas Luiz,27,Brazil,Aston Villa,Midfielder,35,35,3003,9,5,1973,4,12,0,58,76,0.26,5,14,333.67,0.11842105263157894
Rodrigo Muniz,24,Brazil,Fulham,Attacker,26,18,1596,9,1,219,0,1,0,63,55,0.35,9,10,177.33,0.16363636363636364
B. Mbeumo,26,Cameroon,Brentford,Midfielder,25,22,1960,9,6,650,3,2,0,402,56,0.36,6,15,217.78,0.16071428571428573
L. Díaz,28,Colombia,Liverpool,Attacker,37,32,2645,8,5,1018,0,3,0,64,86,0.22,8,13,330.62,0.09302325581395349
A. Semenyo,25,Ghana,Bournemouth,Attacker,33,25,2111,8,2,587,0,6,0,1044,54,0.24,8,10,263.88,0.14814814814814814
M. Ødegaard,27,Norway,Arsenal,Midfielder,35,35,3104,8,10,1900,2,2,0,57,91,0.23,6,18,388.0,0.08791208791208792
D. Kulusevski,25,Sweden,Tottenham,Midfielder,36,31,2767,8,3,1132,0,7,0,73,74,0.22,8,11,345.88,0.10810810810810811
C. Hudson-Odoi,25,England,Nottingham Forest,Attacker,29,20,1854,8,1,647,0,0,0,351,49,0.28,8,9,231.75,0.16326530612244897
C. Gakpo,26,Netherlands,Liverpool,Attacker,35,17,1645,8,5,535,0,1,0,64,86,0.23,8,13,205.62,0.09302325581395349
M. Kudus,25,Ghana,West Ham,Midfielder,33,27,2487,8,6,773,0,6,0,563,60,0.24,8,14,310.88,0.13333333333333333
R. Sterling,31,England,Chelsea,Attacker,31,22,1983,8,4,658,0,7,0,61,77,0.26,8,12,247.88,0.1038961038961039
Rodri,29,Spain,Manchester City,Midfielder,34,34,2937,8,9,3630,0,8,1,65,96,0.24,8,17,367.12,0.08333333333333333
M. Rashford,28,England,Manchester United,Attacker,33,26,2278,7,2,684,2,2,0,66,57,0.21,5,9,325.43,0.12280701754385964
D. Rice,26,England,Arsenal,Midfielder,38,37,3232,7,8,2226,0,5,0,57,91,0.18,7,15,461.71,0.07692307692307693
S. McTominay,29,Scotland,Manchester United,Midfielder,32,18,1890,7,1,642,0,2,0,66,57,0.22,7,8,270.0,0.12280701754385964
O. Édouard,27,France,Crystal Palace,Attacker,30,17,1554,7,0,337,0,4,0,354,57,0.23,7,7,222.0,0.12280701754385964
J. Ward-Prowse,31,England,West Ham,Midfielder,37,34,3005,7,7,1472,2,4,0,563,60,0.19,5,14,429.29,0.11666666666666667
R. Jiménez,34,Mexico,Fulham,Attacker,24,18,1403,7,0,372,0,3,1,63,55,0.29,7,7,200.43,0.12727272727272726
A. Garnacho,21,Argentina,Manchester United,Attacker,36,30,2578,7,4,834,0,4,0,66,57,0.19,7,11,368.29,0.12280701754385964
J. Kluivert,26,Netherlands,Bournemouth,Attacker,32,26,1936,7,1,381,0,5,0,1044,54,0.22,7,8,276.57,0.12962962962962962
D. Calvert-Lewin,28,England,Everton,Attacker,32,26,2189,7,2,433,2,2,0,62,40,0.22,5,9,312.71,0.175
T. Souček,30,Czechia,West Ham,Midfielder,37,34,2876,7,2,947,0,7,0,563,60,0.19,7,9,410.86,0.11666666666666667
A. Doucouré,32,Mali,Everton,Midfielder,32,32,2643,7,1,865,0,7,0,62,40,0.22,7,8,377.57,0.175
Bruno Guimarães,28,Brazil,Newcastle,Midfielder,37,37,3269,7,8,2260,0,9,0,67,85,0.19,7,15,467.0,0.08235294117647059
M. Antonio,35,Jamaica,West Ham,Attacker,26,21,1708,6,2,268,0,6,0,563,60,0.23,6,8,284.67,0.1
E. Ferguson,21,Republic of Ireland,Brighton,Attacker,27,15,1365,6,0,300,0,1,0,397,55,0.22,6,6,227.5,0.10909090909090909
M. Diaby,26,France,Aston Villa,Attacker,38,25,2183,6,8,569,0,1,0,58,76,0.16,6,14,363.83,0.07894736842105263
J.  McGinn,31,Scotland,Aston Villa,Midfielder,35,35,3010,6,4,1142,0,9,1,58,76,0.17,6,10,501.67,0.07894736842105263
S. Adingra,23,Côte d'Ivoire,Brighton,Attacker,31,25,2231,6,1,747,0,3,0,397,55,0.19,6,7,371.83,0.10909090909090909
T. Awoniyi,28,Nigeria,Nottingham Forest,Attacker,20,12,1045,6,3,172,0,2,0,351,49,0.3,6,9,174.17,0.12244897959183673
S. Longstaff,28,England,Newcastle,Midfielder,35,30,2748,6,2,1209,0,7,0,67,85,0.17,6,8,458.0,0.07058823529411765
Bernardo Silva,31,Portugal,Manchester City,Midfielder,33,29,2581,6,9,1824,0,8,0,65,96,0.18,6,15,430.17,0.0625
Gabriel Martinelli,24,Brazil,Arsenal,Attacker,35,24,2029,6,4,807,0,1,0,57,91,0.17,6,10,338.17,0.06593406593406594
J. Bruun Larsen,27,Denmark,Burnley,Attacker,32,16,1251,6,0,457,1,1,0,397,55,0.19,5,6,208.5,0.10909090909090909
B. De Cordova-Reid,32,Jamaica,Fulham,Attacker,33,17,1424,6,2,440,0,4,0,63,55,0.18,6,8,237.33,0.10909090909090909
B. Brereton,26,Chile,Sheffield Utd,Attacker,14,14,1111,6,1,253,1,3,0,356,35,0.43,5,7,185.17,0.17142857142857143
O. McBurnie,29,Scotland,Sheffield Utd,Attacker,21,15,1283,6,3,400,2,5,0,356,35,0.29,4,9,213.83,0.17142857142857143
N. Maupay,29,France,Brentford,Attacker,29,13,1315,6,3,372,0,8,0,402,56,0.21,6,9,219.17,0.10714285714285714
H. Barnes,28,England,Newcastle,Midfielder,21,7,794,5,3,254,0,2,0,67,85,0.24,5,8,158.8,0.058823529411764705
A. Elanga,23,Sweden,Nottingham Forest,Attacker,36,25,2433,5,9,645,0,1,0,351,49,0.14,5,14,486.6,0.10204081632653061
Brennan Johnson,24,Wales,Tottenham,Attacker,32,23,2091,5,0,58,0,3,0,73,74,0.16,5,5,418.2,0.06756756756756757
C. Romero,27,Argentina,Tottenham,Defender,33,33,2793,5,0,2586,0,7,1,73,74,0.15,5,5,558.6,0.06756756756756757
D. Welbeck,35,England,Brighton,Attacker,29,21,1703,5,1,506,0,4,0,397,55,0.17,5,6,340.6,0.09090909090909091
A. Iwobi,29,Nigeria,Fulham,Attacker,30,25,2202,5,0,30,0,2,0,63,55,0.17,5,5,440.4,0.09090909090909091
R. Barkley,32,England,Luton,Midfielder,32,30,2622,5,4,1409,0,6,0,389,52,0.16,5,9,524.4,0.09615384615384616
L. Foster,25,South Africa,Burnley,Attacker,24,22,1907,5,3,452,0,0,1,397,55,0.21,5,8,381.4,0.09090909090909091
M. Mudryk,24,Ukraine,Chelsea,Midfielder,31,18,1579,5,2,477,0,5,0,61,77,0.16,5,7,315.8,0.06493506493506493
J. Durán,22,Colombia,Aston Villa,Attacker,23,3,457,5,0,114,0,5,0,58,76,0.22,5,5,91.4,0.06578947368421052
Z. Amdouni,25,Switzerland,Burnley,Attacker,34,27,1972,5,1,488,1,2,0,397,55,0.15,4,6,394.4,0.09090909090909091
E. Nketiah,26,England,Arsenal,Attacker,27,10,1072,5,2,209,0,3,0,57,91,0.19,5,7,214.4,0.054945054945054944
N. Madueke,23,England,Chelsea,Attacker,23,13,1055,5,2,454,1,2,0,61,77,0.22,4,7,211.0,0.06493506493506493
M. Gibbs-White,25,England,Nottingham Forest,Midfielder,37,35,3162,5,10,1282,1,9,0,351,49,0.14,4,15,632.4,0.10204081632653061
A. Mac Allister,27,Argentina,Liverpool,Midfielder,33,31,2611,5,5,1923,1,7,1,64,86,0.15,4,10,522.2,0.05813953488372093
C. Gallagher,25,England,Chelsea,Midfielder,37,37,3137,5,7,1930,0,8,0,61,77,0.14,5,12,627.4,0.06493506493506493
I. Toney,29,England,Brentford,Attacker,17,16,1449,4,2,388,0,5,0,402,56,0.24,4,6,362.25,0.07142857142857142
J. Ayew,34,Ghana,Crystal Palace,Attacker,35,30,2551,4,7,811,0,8,0,354,57,0.11,4,11,637.75,0.07017543859649122
M. Lemina,32,Gabon,Wolves,Midfielder,35,34,2976,4,1,1439,0,11,0,76,50,0.11,4,5,744.0,0.08
Willian,37,Brazil,Fulham,Attacker,31,24,2061,4,2,1058,2,1,0,63,55,0.13,2,6,515.25,0.07272727272727272
F. Schär,34,Switzerland,Newcastle,Defender,36,35,3057,4,1,2099,0,5,0,67,85,0.11,4,5,764.25,0.047058823529411764
I. Gueye,36,Senegal,Everton,Midfielder,25,24,1895,4,0,880,0,8,0,62,40,0.16,4,4,473.75,0.1
G. Hamer,28,Netherlands,Sheffield Utd,Midfielder,36,34,2923,4,6,981,0,9,0,356,35,0.11,4,10,730.75,0.11428571428571428
C. Archer,24,England,Sheffield Utd,Attacker,29,21,1836,4,0,6,0,1,0,356,35,0.14,4,4,459.0,0.11428571428571428
T. Chong,26,Netherlands,Luton,Midfielder,33,20,1985,4,0,500,0,4,0,389,52,0.12,4,4,496.25,0.07692307692307693
H. Wilson,28,Wales,Fulham,Midfielder,35,16,1613,4,6,582,0,6,0,63,55,0.11,4,10,403.25,0.07272727272727272
Lucas Paquetá,28,Brazil,West Ham,Midfielder,31,31,2638,4,6,1411,2,10,0,563,60,0.13,2,10,659.5,0.06666666666666667
Pablo Sarabia,33,Spain,Wolves,Midfielder,30,20,1749,4,7,829,2,5,0,76,50,0.13,2,11,437.25,0.08
João Palhinha,30,Portugal,Fulham,Midfielder,33,31,2711,4,1,1321,0,13,0,63,55,0.12,4,5,677.75,0.07272727272727272
Gabriel Magalhães,28,Brazil,Arsenal,Defender,36,34,3044,4,0,2144,0,4,0,57,91,0.11,4,4,761.0,0.04395604395604396
P. Groß,34,Germany,Brighton,Midfielder,36,34,3114,4,10,2927,1,7,0,397,55,0.11,3,14,778.5,0.07272727272727272
J. Gvardiol,23,Croatia,Manchester City,Defender,28,26,2330,4,1,1732,0,3,0,65,96,0.14,4,5,582.5,0.041666666666666664
B. White,28,England,Arsenal,Defender,37,35,2994,4,4,1911,0,8,0,57,91,0.11,4,8,748.5,0.04395604395604396
K. De Bruyne,34,Belgium,Manchester City,Midfielder,18,15,1228,4,10,804,0,2,0,65,96,0.22,4,14,307.0,0.041666666666666664
M. Senesi,28,Argentina,Bournemouth,Defender,31,26,2247,4,5,1259,0,13,0,1044,54,0.13,4,9,561.75,0.07407407407407407
J. Brownhill,30,England,Burnley,Midfielder,33,23,2248,4,2,1028,0,4,1,397,55,0.12,4,6,562.0,0.07272727272727272
C. Ogbene,28,Republic of Ireland,Luton,Attacker,30,20,1992,4,1,629,0,1,0,389,52,0.13,4,5,498.0,0.07692307692307693
D. Fofana,23,Côte d'Ivoire,Burnley,Attacker,15,10,880,4,1,168,0,1,0,397,55,0.27,4,5,220.0,0.07272727272727272
Gabriel Jesus,28,Brazil,Arsenal,Attacker,27,17,1481,4,5,490,0,6,0,57,91,0.15,4,9,370.25,0.04395604395604396
J. Maddison,29,England,Tottenham,Midfielder,28,26,2154,4,9,1346,0,5,0,73,74,0.14,4,13,538.5,0.05405405405405406
M. Rogers,23,England,Aston Villa,Attacker,11,8,639,3,1,188,0,3,0,58,76,0.27,3,4,213.0,0.039473684210526314
L. Dunk,34,England,Brighton,Defender,33,33,2873,3,1,3213,0,7,1,397,55,0.09,3,4,957.67,0.05454545454545454
T. Alexander-Arnold,27,England,Liverpool,Defender,28,25,2161,3,4,1683,0,6,0,64,86,0.11,3,7,720.33,0.03488372093023256
Andreas Pereira,29,Brazil,Fulham,Midfielder,37,34,2638,3,7,1062,0,6,0,63,55,0.08,3,10,879.33,0.05454545454545454
J. McAtee,23,England,Sheffield Utd,Midfielder,30,20,1825,3,0,0,0,2,0,356,35,0.1,3,3,608.33,0.08571428571428572
D. Szoboszlai,25,Hungary,Liverpool,Midfielder,33,25,2108,3,2,1397,0,1,0,64,86,0.09,3,5,702.67,0.03488372093023256
K. Mitoma,28,Japan,Brighton,Midfielder,19,15,1485,3,4,597,0,4,0,397,55,0.16,3,7,495.0,0.05454545454545454
H. Elliott,22,England,Liverpool,Midfielder,34,11,1337,3,6,904,0,2,0,64,86,0.09,3,9,445.67,0.03488372093023256
C. Nkunku,28,France,Chelsea,Attacker,11,2,435,3,0,177,0,0,0,61,77,0.27,3,3,145.0,0.03896103896103896
J. Hinshelwood,20,England,Brighton,Midfielder,12,8,871,3,0,434,0,1,0,397,55,0.25,3,3,290.33,0.05454545454545454
J. Murphy,30,England,Newcastle,Midfielder,21,14,1193,3,7,421,0,1,0,67,85,0.14,3,10,397.67,0.03529411764705882
P. Sarr,23,Senegal,Tottenham,Midfielder,34,27,2085,3,3,1311,0,9,0,73,74,0.09,3,6,695.0,0.04054054054054054
J. Branthwaite,23,England,Everton,Defender,35,35,3117,3,0,1370,0,8,0,62,40,0.09,3,3,1039.0,0.075
M. Tavernier,26,England,Bournemouth,Midfielder,30,25,2132,3,4,760,0,3,0,1044,54,0.1,3,7,710.67,0.05555555555555555
J. Harrison,29,England,Everton,Attacker,29,25,2218,3,3,534,0,1,0,62,40,0.1,3,6,739.33,0.075
Beto,27,Portugal,Everton,Attacker,30,9,936,3,0,174,0,2,0,62,40,0.1,3,3,312.0,0.075
D. McNeil,26,England,Everton,Attacker,35,33,2899,3,6,1000,0,2,0,62,40,0.09,3,9,966.33,0.075
K. Zouma,31,France,West Ham,Defender,33,32,2840,3,0,1143,0,3,0,563,60,0.09,3,3,946.67,0.05
A. Robertson,31,Scotland,Liverpool,Defender,23,18,1692,3,2,1244,0,2,0,64,86,0.13,3,5,564.0,0.03488372093023256
W. Odobert,21,France,Burnley,Attacker,29,25,2108,3,2,545,0,3,0,397,55,0.1,3,5,702.67,0.05454545454545454
F. Buonanotte,21,Argentina,Brighton,Midfielder,27,17,1367,3,1,469,0,7,0,397,55,0.11,3,4,455.67,0.05454545454545454
E. Fernández,24,Argentina,Chelsea,Midfielder,28,26,2215,3,2,1795,1,7,0,61,77,0.11,2,5,738.33,0.03896103896103896
J. Bogle,25,England,Sheffield Utd,Defender,34,32,2795,3,0,768,0,9,0,356,35,0.09,3,3,931.67,0.08571428571428572
J. Grealish,30,England,Manchester City,Midfielder,20,10,1003,3,1,552,0,7,0,65,96,0.15,3,4,334.33,0.03125
Pedro Porro,26,Spain,Tottenham,Defender,35,35,3093,3,7,1864,0,3,0,73,74,0.09,3,10,1031.0,0.04054054054054054
M. Almirón,31,Paraguay,Newcastle,Midfielder,33,23,1947,3,1,768,0,2,0,67,85,0.09,3,4,649.0,0.03529411764705882
S. March,31,England,Brighton,Midfielder,7,7,559,3,1,221,0,1,0,397,55,0.43,3,4,186.33,0.05454545454545454
M. van de Ven,24,Netherlands,Tottenham,Defender,27,27,2343,3,0,1782,0,5,0,73,74,0.11,3,3,781.0,0.04054054054054054
M. Jensen,29,Denmark,Brentford,Midfielder,32,27,2220,3,3,972,0,5,0,402,56,0.09,3,6,740.0,0.05357142857142857
D. O&apos;Shea,26,Republic of Ireland,Burnley,Defender,33,32,2894,3,4,1732,0,5,1,397,55,0.09,3,7,964.67,0.05454545454545454
J. Doku,23,Belgium,Manchester City,Attacker,29,18,1595,3,8,786,0,3,0,65,96,0.1,3,11,531.67,0.03125
K. Mainoo,20,England,Manchester United,Midfielder,24,24,1942,3,1,862,0,3,0,66,57,0.12,3,4,647.33,0.05263157894736842
K. Lewis-Potter,24,England,Brentford,Attacker,30,15,1440,3,1,358,0,0,0,402,56,0.1,3,4,480.0,0.05357142857142857
Danilo,24,Brazil,Nottingham Forest,Midfielder,29,20,1797,2,2,726,0,4,0,351,49,0.07,2,4,898.5,0.04081632653061224
V. Mykolenko,26,Ukraine,Everton,Defender,28,28,2472,2,0,881,0,1,0,62,40,0.07,2,2,1236.0,0.05
E. Pinnock,32,Jamaica,Brentford,Defender,29,28,2520,2,0,1398,0,1,0,402,56,0.07,2,2,1260.0,0.03571428571428571
V. van Dijk,34,Netherlands,Liverpool,Defender,36,36,3178,2,2,2871,0,3,1,64,86,0.06,2,4,1589.0,0.023255813953488372
K. Ajer,27,Norway,Brentford,Defender,28,21,1832,2,1,722,0,5,0,402,56,0.07,2,3,916.0,0.03571428571428571
T. Adarabioyo,28,England,Fulham,Defender,20,18,1616,2,0,1208,0,2,0,63,55,0.1,2,2,808.0,0.03636363636363636
P. Billing,29,Denmark,Bournemouth,Midfielder,29,13,1392,2,2,501,0,3,1,1044,54,0.07,2,4,696.0,0.037037037037037035
Adama Traoré,29,Spain,Fulham,Attacker,17,1,362,2,3,111,0,2,0,63,55,0.12,2,5,181.0,0.03636363636363636
R. Lewis,21,England,Manchester City,Defender,16,8,806,2,0,533,0,1,0,65,96,0.12,2,2,403.0,0.020833333333333332
N. Aké,30,Netherlands,Manchester City,Defender,29,24,2042,2,2,1770,0,0,0,65,96,0.07,2,4,1021.0,0.020833333333333332
M. Akanji,30,Switzerland,Manchester City,Defender,30,28,2512,2,0,2296,0,3,0,65,96,0.07,2,2,1256.0,0.020833333333333332
G. Osho,27,England,Luton,Defender,21,21,1848,2,0,702,0,3,0,389,52,0.1,2,2,924.0,0.038461538461538464
J. Rodríguez,36,England,Burnley,Attacker,21,7,811,2,1,215,1,0,0,397,55,0.1,1,3,405.5,0.03636363636363636
Amadou Onana,24,Belgium,Everton,Midfielder,30,23,2091,2,0,1023,0,5,0,62,40,0.07,2,2,1045.5,0.05
K. Schade,24,Germany,Brentford,Midfielder,11,3,330,2,1,88,0,0,0,402,56,0.18,2,3,165.0,0.03571428571428571
W. Boly,34,Côte d'Ivoire,Nottingham Forest,Defender,20,18,1443,2,1,612,0,2,0,351,49,0.1,2,3,721.5,0.04081632653061224
J. Quansah,22,England,Liverpool,Defender,17,13,1189,2,0,1165,0,1,0,64,86,0.12,2,2,594.5,0.023255813953488372
B. Mee,36,England,Brentford,Defender,16,15,1275,2,0,605,0,1,1,402,56,0.12,2,2,637.5,0.03571428571428571
Carlos Vinícius,30,Brazil,Fulham,Attacker,13,2,306,2,0,61,0,2,0,63,55,0.15,2,2,153.0,0.03636363636363636
J. Brown,27,Scotland,Luton,Attacker,19,12,1019,2,0,229,0,4,0,389,52,0.11,2,2,509.5,0.038461538461538464
A. Ahmedhodžić,26,Bosnia and Herzegovina,Sheffield Utd,Defender,31,29,2649,2,0,953,0,10,0,356,35,0.06,2,2,1324.5,0.05714285714285714
Y. Tielemans,28,Belgium,Aston Villa,Midfielder,32,17,1619,2,6,907,0,3,0,58,76,0.06,2,8,809.5,0.02631578947368421
Álex Moreno,32,Spain,Aston Villa,Defender,21,11,1028,2,0,408,0,2,0,58,76,0.1,2,2,514.0,0.02631578947368421
D. Burn,33,England,Newcastle,Defender,33,32,2733,2,2,1496,0,4,0,67,85,0.06,2,4,1366.5,0.023529411764705882
S. Botman,25,Netherlands,Newcastle,Defender,17,15,1378,2,2,1012,0,2,0,67,85,0.12,2,4,689.0,0.023529411764705882
Diogo Dalot,26,Portugal,Manchester United,Defender,36,35,3174,2,3,1493,0,5,0,66,57,0.06,2,5,1587.0,0.03508771929824561
J. Andersen,29,Denmark,Crystal Palace,Defender,38,38,3418,2,3,2151,0,7,0,354,57,0.05,2,5,1709.0,0.03508771929824561
H. Maguire,32,England,Manchester United,Defender,22,18,1650,2,2,1096,0,4,0,66,57,0.09,2,4,825.0,0.03508771929824561
T. Werner,29,Germany,Tottenham,Attacker,13,10,815,2,3,323,0,1,0,73,74,0.15,2,5,407.5,0.02702702702702703
M. Cash,28,Poland,Aston Villa,Defender,29,23,2143,2,2,1028,0,8,0,58,76,0.07,2,4,1071.5,0.02631578947368421
P. Estupiñán,27,Ecuador,Brighton,Defender,19,15,1246,2,3,820,0,4,0,397,55,0.11,2,5,623.0,0.03636363636363636
T. Mitchell,26,England,Crystal Palace,Defender,37,37,3209,2,3,1206,0,6,0,354,57,0.05,2,5,1604.5,0.03508771929824561
A. Doughty,26,England,Luton,Midfielder,37,34,2938,2,8,1090,0,5,0,389,52,0.05,2,10,1469.0,0.038461538461538464
G. Lo Celso,29,Argentina,Tottenham,Midfielder,22,4,495,2,2,483,0,2,0,73,74,0.09,2,4,247.5,0.02702702702702703
Ansu Fati,23,Spain,Brighton,Attacker,19,3,511,2,0,204,0,2,0,397,55,0.11,2,2,255.5,0.03636363636363636
D. Udogie,23,Italy,Tottenham,Defender,28,28,2398,2,3,1214,0,6,0,73,74,0.07,2,5,1199.0,0.02702702702702703
C. Nørgaard,31,Denmark,Brentford,Midfielder,31,30,2513,2,1,1441,0,8,0,402,56,0.06,2,3,1256.5,0.03571428571428571
J. Cullen,29,Republic of Ireland,Burnley,Midfielder,25,23,2060,2,3,1341,0,9,0,397,55,0.08,2,5,1030.0,0.03636363636363636
Pau Torres,28,Spain,Aston Villa,Defender,29,27,2464,2,0,1770,0,1,0,58,76,0.07,2,2,1232.0,0.02631578947368421
L. Berry,33,England,Luton,Midfielder,17,2,310,2,1,89,0,1,0,389,52,0.12,2,3,155.0,0.038461538461538464
Pedro Neto,25,Portugal,Wolves,Attacker,20,18,1520,2,9,589,0,4,0,76,50,0.1,2,11,760.0,0.04
S. Kalajdzic,28,Austria,Wolves,Attacker,11,1,157,2,0,59,0,1,0,76,50,0.18,2,2,78.5,0.04
N. Domínguez,27,Argentina,Nottingham Forest,Midfielder,26,19,1504,2,2,829,0,4,0,351,49,0.08,2,4,752.0,0.04081632653061224
L. Sinisterra,26,Colombia,Bournemouth,Attacker,20,7,692,2,2,281,0,0,0,1044,54,0.1,2,4,346.0,0.037037037037037035
E. Ünal,28,Türkiye,Bournemouth,Attacker,16,2,318,2,2,72,0,1,0,1044,54,0.12,2,4,159.0,0.037037037037037035
João Gomes,24,Brazil,Wolves,Midfielder,34,32,2660,2,1,1237,0,11,0,76,50,0.06,2,3,1330.0,0.04
J. Bellegarde,27,France,Wolves,Midfielder,22,10,957,2,1,281,0,0,1,76,50,0.09,2,3,478.5,0.04
Joelinton,29,Brazil,Newcastle,Midfielder,20,15,1281,2,1,613,0,6,0,67,85,0.1,2,3,640.5,0.023529411764705882
N. Zaniolo,26,Italy,Aston Villa,Midfielder,25,9,831,2,0,208,0,7,0,58,76,0.08,2,2,415.5,0.02631578947368421
J. Schlupp,33,Ghana,Crystal Palace,Midfielder,29,17,1356,2,2,323,0,1,0,354,57,0.07,2,4,678.0,0.03508771929824561
W. Saliba,24,France,Arsenal,Defender,38,38,3420,2,1,2839,0,4,0,57,91,0.05,2,3,1710.0,0.02197802197802198
M. Kilman,28,England,Wolves,Defender,38,38,3420,2,0,2286,0,7,0,76,50,0.05,2,2,1710.0,0.04
T. Tomiyasu,27,Japan,Arsenal,Defender,22,10,1141,2,1,608,0,1,0,57,91,0.09,2,3,570.5,0.02197802197802198
A. Disasi,27,France,Chelsea,Defender,31,29,2580,2,0,2198,0,6,0,61,77,0.06,2,2,1290.0,0.025974025974025976
R. Aït-Nouri,24,Algeria,Wolves,Defender,33,29,2345,2,1,1038,0,7,0,76,50,0.06,2,3,1172.5,0.04
A. Townsend,34,England,Luton,Attacker,27,14,1209,1,3,349,0,1,0,389,52,0.04,1,4,1209.0,0.019230769230769232
C. Richards,25,USA,Crystal Palace,Defender,26,23,2091,1,1,924,0,3,0,354,57,0.04,1,2,2091.0,0.017543859649122806
A. Sambi Lokonga,26,Belgium,Luton,Midfielder,17,16,1310,1,3,740,0,4,0,389,52,0.06,1,4,1310.0,0.019230769230769232
J. Lerma,31,Colombia,Crystal Palace,Midfielder,28,27,2404,1,1,1225,0,8,0,354,57,0.04,1,2,2404.0,0.017543859649122806
L. Dobbin,22,England,Everton,Attacker,12,1,222,1,0,54,0,1,0,62,40,0.08,1,1,222.0,0.025
T. Cairney,34,Scotland,Fulham,Midfielder,34,14,1475,1,4,1240,0,3,0,63,55,0.03,1,5,1475.0,0.01818181818181818
J. Clark,32,England,Luton,Midfielder,23,14,1305,1,1,483,0,4,0,389,52,0.04,1,2,1305.0,0.019230769230769232
A. Al Dakhil,23,Belgium,Burnley,Defender,13,12,1056,1,0,598,0,1,0,397,55,0.08,1,1,1056.0,0.01818181818181818
K. Moore,33,Wales,Bournemouth,Attacker,8,0,100,1,0,40,0,0,0,1044,54,0.12,1,1,100.0,0.018518518518518517
I. Zabarnyi,23,Ukraine,Bournemouth,Defender,37,37,3330,1,0,1802,0,5,0,1044,54,0.03,1,1,3330.0,0.018518518518518517
A. Scott,22,England,Bournemouth,Midfielder,23,11,1012,1,1,432,0,3,0,1044,54,0.04,1,2,1012.0,0.018518518518518517
S. Berge,27,Norway,Burnley,Midfielder,37,34,3008,1,2,1547,0,9,0,397,55,0.03,1,3,3008.0,0.01818181818181818
D. Brooks,28,Wales,Bournemouth,Midfielder,13,2,272,1,1,112,0,1,0,1044,54,0.08,1,2,272.0,0.018518518518518517
D. Ouattara,23,Burkina Faso,Bournemouth,Attacker,30,12,1219,1,2,448,0,3,0,1044,54,0.03,1,3,1219.0,0.018518518518518517
J. Guðmunds­son,35,Iceland,Burnley,Midfielder,26,12,1189,1,3,465,0,2,0,397,55,0.04,1,4,1189.0,0.01818181818181818
J. Veltman,33,Netherlands,Brighton,Defender,27,17,1582,1,1,810,0,4,0,397,55,0.04,1,2,1582.0,0.01818181818181818
C. Taylor,32,England,Burnley,Defender,28,25,2330,1,1,1042,0,8,0,397,55,0.04,1,2,2330.0,0.01818181818181818
C. Woodrow,31,England,Luton,Attacker,24,2,408,1,1,139,0,2,0,389,52,0.04,1,2,408.0,0.019230769230769232
M. Ritchie,36,Scotland,Newcastle,Midfielder,13,0,116,1,0,86,0,1,0,67,85,0.08,1,1,116.0,0.011764705882352941
T. Livramento,23,England,Newcastle,Defender,26,12,1302,1,0,675,0,1,0,67,85,0.04,1,1,1302.0,0.011764705882352941
S. Lukić,29,Serbia,Fulham,Midfielder,24,13,1117,1,0,489,0,3,0,63,55,0.04,1,1,1117.0,0.01818181818181818
K. Trippier,35,England,Newcastle,Defender,28,26,2239,1,10,1711,0,5,0,67,85,0.04,1,11,2239.0,0.011764705882352941
J. Lascelles,32,England,Newcastle,Defender,16,13,1081,1,0,769,0,4,0,67,85,0.06,1,1,1081.0,0.011764705882352941
L. Hall,21,England,Newcastle,Defender,18,8,777,1,0,469,0,2,0,67,85,0.06,1,1,777.0,0.011764705882352941
S. Tonali,25,Italy,Newcastle,Midfielder,8,5,439,1,0,266,0,2,0,67,85,0.12,1,1,439.0,0.011764705882352941
L. Miley,19,England,Newcastle,Midfielder,17,14,1208,1,3,524,0,1,0,67,85,0.06,1,4,1208.0,0.011764705882352941
J. Willock,26,England,Newcastle,Midfielder,9,5,419,1,0,153,0,0,0,67,85,0.11,1,1,419.0,0.011764705882352941
T. Mengi,23,England,Luton,Defender,30,28,2470,1,0,928,0,3,0,389,52,0.03,1,1,2470.0,0.019230769230769232
T. Ream,38,USA,Fulham,Defender,18,17,1504,1,0,1057,0,3,0,63,55,0.06,1,1,1504.0,0.01818181818181818
T. Lockyer,31,Wales,Luton,Defender,14,14,1173,1,1,418,0,4,0,389,52,0.07,1,2,1173.0,0.019230769230769232
C. Bassey,26,Nigeria,Fulham,Defender,29,25,2300,1,0,1667,0,5,0,63,55,0.03,1,1,2300.0,0.01818181818181818
K. Tete,30,Netherlands,Fulham,Defender,14,10,868,1,0,422,0,2,0,63,55,0.07,1,1,868.0,0.01818181818181818
T. Castagne,30,Belgium,Fulham,Defender,34,29,2632,1,3,1348,0,3,0,63,55,0.03,1,4,2632.0,0.01818181818181818
M. Andersen,28,Denmark,Luton,Defender,8,4,398,1,0,115,0,1,0,389,52,0.12,1,1,398.0,0.019230769230769232
L. Assignon,25,France,Burnley,Defender,15,15,1240,1,2,352,0,4,0,397,55,0.07,1,3,1240.0,0.01818181818181818
D. Ings,33,England,West Ham,Attacker,20,3,389,1,0,105,0,1,0,563,60,0.05,1,1,389.0,0.016666666666666666
R. Varane,31,France,Manchester United,Defender,22,16,1373,1,0,774,0,2,0,66,57,0.05,1,1,1373.0,0.017543859649122806
L. Dendoncker,30,Belgium,Aston Villa,Midfielder,8,1,113,1,0,56,0,0,0,58,76,0.12,1,1,113.0,0.013157894736842105
J. Ramsey,24,England,Aston Villa,Midfielder,16,8,848,1,1,310,0,2,0,58,76,0.06,1,2,848.0,0.013157894736842105
C. Dawson,35,England,Wolves,Defender,25,25,2211,1,1,1272,0,7,0,76,50,0.04,1,2,2211.0,0.02
C. Eriksen,33,Denmark,Manchester United,Midfielder,22,12,1138,1,2,754,0,1,0,66,57,0.05,1,3,1138.0,0.017543859649122806
Toti Gomes,26,Portugal,Wolves,Defender,35,31,2778,1,3,1713,0,7,0,76,50,0.03,1,4,2778.0,0.02
M. Doherty,33,Republic of Ireland,Wolves,Defender,30,9,1136,1,0,564,0,2,0,76,50,0.03,1,1,1136.0,0.02
J. Kiwior,25,Poland,Arsenal,Defender,20,11,941,1,3,544,0,1,0,57,91,0.05,1,4,941.0,0.01098901098901099
K. Mavropanos,28,Greece,West Ham,Defender,19,16,1498,1,0,627,0,2,0,563,60,0.05,1,1,1498.0,0.016666666666666666
O. Zinchenko,29,Ukraine,Arsenal,Defender,27,20,1727,1,2,1411,0,2,0,57,91,0.04,1,3,1727.0,0.01098901098901099
André Gomes,32,Portugal,Everton,Midfielder,12,3,503,1,0,259,0,4,0,62,40,0.08,1,1,503.0,0.025
Antony,25,Brazil,Manchester United,Attacker,29,15,1322,1,1,561,0,5,0,66,57,0.03,1,2,1322.0,0.017543859649122806
A. Danjuma,28,Netherlands,Everton,Attacker,14,5,589,1,0,140,0,0,0,62,40,0.07,1,1,589.0,0.025
J. Robinson,32,England,Sheffield Utd,Defender,34,31,2886,1,1,1061,0,10,0,356,35,0.03,1,2,2886.0,0.02857142857142857
J. Garner,24,England,Everton,Midfielder,37,34,3006,1,2,1113,0,7,0,62,40,0.03,1,3,3006.0,0.025
N. Aguerd,29,Morocco,West Ham,Defender,21,21,1859,1,0,1164,0,2,0,563,60,0.05,1,1,1859.0,0.016666666666666666
Emerson,31,Italy,West Ham,Defender,36,35,3142,1,2,1434,0,10,0,563,60,0.03,1,3,3142.0,0.016666666666666666
R. Yates,28,England,Nottingham Forest,Midfielder,35,21,1985,1,1,817,0,6,0,351,49,0.03,1,2,1985.0,0.02040816326530612
R. Bentancur,28,Uruguay,Tottenham,Midfielder,23,13,1007,1,1,787,0,7,0,73,74,0.04,1,2,1007.0,0.013513513513513514
Casemiro,33,Brazil,Manchester United,Midfielder,25,24,1987,1,2,1406,0,7,0,66,57,0.04,1,3,1987.0,0.017543859649122806
M. Mount,26,England,Manchester United,Midfielder,14,5,511,1,0,203,0,2,0,66,57,0.07,1,1,511.0,0.017543859649122806
H. Toffolo,30,England,Nottingham Forest,Defender,23,15,1454,1,3,446,0,3,0,351,49,0.04,1,4,1454.0,0.02040816326530612
H. Mejbri,22,Tunisia,Manchester United,Midfielder,5,1,129,1,0,36,0,1,0,66,57,0.2,1,1,129.0,0.017543859649122806
Emerson Royal,26,Brazil,Tottenham,Defender,22,11,1153,1,0,948,0,4,0,73,74,0.05,1,1,1153.0,0.013513513513513514
O. Mangala,27,Belgium,Nottingham Forest,Midfielder,20,19,1571,1,0,642,0,6,0,351,49,0.05,1,1,1571.0,0.02040816326530612
V. Lindelöf,31,Sweden,Manchester United,Defender,19,14,1331,1,1,876,0,2,0,66,57,0.05,1,2,1331.0,0.017543859649122806
E. Álvarez,28,Mexico,West Ham,Midfielder,31,28,2384,1,1,1195,0,11,0,563,60,0.03,1,2,2384.0,0.016666666666666666
B. Davies,32,Wales,Tottenham,Defender,17,12,1086,1,0,812,0,2,0,73,74,0.06,1,1,1086.0,0.013513513513513514
L. Digne,32,France,Aston Villa,Defender,33,27,2413,1,3,1014,0,7,0,58,76,0.03,1,4,2413.0,0.013157894736842105
A. Véliz,22,Argentina,Tottenham,Attacker,8,0,42,1,0,10,0,1,0,73,74,0.12,1,1,42.0,0.013513513513513514
E. Konsa,28,England,Aston Villa,Defender,35,35,3074,1,0,1953,0,5,0,58,76,0.03,1,1,3074.0,0.013157894736842105
M. Niakhaté,29,Senegal,Nottingham Forest,Defender,21,15,1457,1,0,688,0,4,0,351,49,0.05,1,1,1457.0,0.02040816326530612
M. Cornet,29,Côte d'Ivoire,West Ham,Attacker,7,1,108,1,0,48,0,0,0,563,60,0.14,1,1,108.0,0.016666666666666666
J. Tarkowski,33,England,Everton,Defender,38,38,3420,1,1,1525,0,11,0,62,40,0.03,1,2,3420.0,0.025
Fábio Vieira,25,Portugal,Arsenal,Midfielder,11,2,291,1,2,134,1,0,1,57,91,0.09,0,3,291.0,0.01098901098901099
C. Bradley,22,Northern Ireland,Liverpool,Defender,11,10,761,1,3,435,0,2,0,64,86,0.09,1,4,761.0,0.011627906976744186
O. Aina,29,Nigeria,Nottingham Forest,Defender,22,20,1701,1,1,632,0,3,0,351,49,0.05,1,2,1701.0,0.02040816326530612
M. Kovačić,31,Croatia,Manchester City,Midfielder,30,16,1546,1,0,1521,0,4,0,65,96,0.03,1,1,1546.0,0.010416666666666666
O. Norwood,34,Northern Ireland,Sheffield Utd,Midfielder,27,16,1433,1,0,855,1,8,0,356,35,0.04,0,1,1433.0,0.02857142857142857
Oscar Bobb,22,Norway,Manchester City,Midfielder,14,2,291,1,1,168,0,0,0,65,96,0.07,1,2,291.0,0.010416666666666666
Vinicius Souza,26,Brazil,Sheffield Utd,Midfielder,36,29,2670,1,0,974,0,3,0,356,35,0.03,1,1,2670.0,0.02857142857142857
L. Colwill,22,England,Chelsea,Defender,23,20,1799,1,1,1053,0,2,0,61,77,0.04,1,2,1799.0,0.012987012987012988
J. Stones,31,England,Manchester City,Defender,16,12,1063,1,0,831,0,2,0,65,96,0.06,1,1,1063.0,0.010416666666666666
T. Chalobah,26,England,Chelsea,Defender,13,10,950,1,0,759,0,1,0,61,77,0.08,1,1,950.0,0.012987012987012988
A. Gilchrist,22,England,Chelsea,Defender,11,2,199,1,0,123,0,1,0,61,77,0.09,1,1,199.0,0.012987012987012988
C. Chukwuemeka,22,England,Chelsea,Midfielder,9,2,222,1,1,133,0,2,0,61,77,0.11,1,2,222.0,0.012987012987012988
A. Broja,24,Albania,Chelsea,Attacker,13,6,453,1,0,93,0,0,0,61,77,0.08,1,1,453.0,0.012987012987012988
M. Jørgensen,35,Denmark,Brentford,Defender,14,12,1086,1,0,521,0,4,0,402,56,0.07,1,1,1086.0,0.017857142857142856
M. Roerslev,26,Denmark,Brentford,Defender,34,22,1987,1,2,605,0,1,0,402,56,0.03,1,3,1987.0,0.017857142857142856
F. Onyeka,27,Nigeria,Brentford,Midfielder,26,11,1155,1,2,375,0,8,0,402,56,0.04,1,3,1155.0,0.017857142857142856
M. Caicedo,24,Ecuador,Chelsea,Midfielder,35,33,2874,1,3,2097,0,11,0,61,77,0.03,1,4,2874.0,0.012987012987012988
A. Diallo,23,Côte d'Ivoire,Manchester United,Attacker,9,3,387,1,1,167,0,1,0,66,57,0.11,1,2,387.0,0.017543859649122806
C. Jones,24,England,Liverpool,Midfielder,23,14,1168,1,1,750,0,3,1,64,86,0.04,1,2,1168.0,0.011627906976744186
M. Keane,32,England,Everton,Defender,9,4,435,1,0,220,0,2,0,62,40,0.11,1,1,435.0,0.025
L. Koleosho,21,Italy,Burnley,Attacker,15,13,983,1,1,246,0,0,0,397,55,0.07,1,2,983.0,0.01818181818181818
V. Janelt,27,Germany,Brentford,Midfielder,38,37,3072,1,3,1306,0,8,0,402,56,0.03,1,4,3072.0,0.017857142857142856
W. Endo,32,Japan,Liverpool,Midfielder,29,20,1722,1,0,1305,0,10,0,64,86,0.03,1,1,1722.0,0.011627906976744186
S. Ghoddos,32,Iran,Brentford,Attacker,19,7,729,1,0,368,0,5,0,402,56,0.05,1,1,729.0,0.017857142857142856
S. Baptiste,27,Grenada,Brentford,Midfielder,10,2,224,1,1,86,0,1,0,402,56,0.1,1,2,224.0,0.017857142857142856
R. Gravenberch,23,Netherlands,Liverpool,Midfielder,26,12,1117,1,0,493,0,0,0,64,86,0.04,1,1,1117.0,0.011627906976744186
N. Collins,24,Republic of Ireland,Brentford,Defender,32,29,2650,1,1,1468,0,3,0,402,56,0.03,1,2,2650.0,0.017857142857142856
M. Estève,23,France,Burnley,Defender,16,15,1311,0,0,810,0,6,0,397,55,0.0,0,0,0.0,0.0
M. Trésor,26,Belgium,Burnley,Attacker,16,3,412,0,0,146,0,0,0,397,55,0.0,0,0,0.0,0.0
J. Beyer,25,Germany,Burnley,Defender,15,15,1239,0,1,855,0,6,0,397,55,0.0,0,1,0.0,0.0
H. Delcroix,26,Belgium,Burnley,Defender,12,5,583,0,0,318,0,2,0,397,55,0.0,0,0,0.0,0.0
J. Worrall,28,England,Nottingham Forest,Defender,7,5,439,0,0,161,0,0,1,351,49,0.0,0,0,0.0,0.0
H. Ekdal,27,Sweden,Burnley,Defender,8,5,439,0,0,217,0,2,0,397,55,0.0,0,0,0.0,0.0
B. Manuel,28,Belgium,Burnley,Attacker,8,1,109,0,0,47,0,0,0,397,55,0.0,0,0,0.0,0.0
C. Roberts,30,Wales,Burnley,Defender,14,8,819,0,1,409,0,4,0,397,55,0.0,0,1,0.0,0.0
N. Williams,24,Wales,Nottingham Forest,Defender,26,18,1633,0,1,597,0,4,0,351,49,0.0,0,1,0.0,0.0
Vitinho,26,Brazil,Burnley,Defender,32,26,2318,0,2,756,0,1,0,397,55,0.0,0,2,0.0,0.0
M. Turner,31,USA,Nottingham Forest,Goalkeeper,17,17,1530,0,0,473,0,2,0,351,49,0.0,0,0,0.0,0.0
G. Reyna,23,USA,Nottingham Forest,Midfielder,9,2,230,0,1,129,0,0,0,351,49,0.0,0,1,0.0,0.0
M. Sels,33,Belgium,Nottingham Forest,Goalkeeper,16,16,1440,0,0,325,0,1,0,351,49,0.0,0,0,0.0,0.0
Nuno Tavares,25,Portugal,Nottingham Forest,Defender,8,5,455,0,0,218,0,2,0,351,49,0.0,0,0,0.0,0.0
Murillo,23,Brazil,Nottingham Forest,Defender,32,32,2793,0,2,1445,0,5,0,351,49,0.0,0,2,0.0,0.0
I. Sangaré,28,Côte d'Ivoire,Nottingham Forest,Midfielder,17,13,1040,0,0,419,0,6,0,351,49,0.0,0,0,0.0,0.0
A. Omobamidele,23,Republic of Ireland,Nottingham Forest,Defender,11,8,780,0,0,309,0,2,0,351,49,0.0,0,0,0.0,0.0
A. Ramsey,22,England,Burnley,Midfielder,14,5,525,0,0,146,0,1,0,397,55,0.0,0,0,0.0,0.0
N. Redmond,31,England,Burnley,Midfielder,12,0,130,0,0,68,0,1,0,397,55,0.0,0,0,0.0,0.0
T. Kaminski,33,Belgium,Luton,Goalkeeper,38,38,3406,0,0,1312,0,3,0,389,52,0.0,0,0,0.0,0.0
D. Origi,30,Belgium,Nottingham Forest,Attacker,20,6,598,0,1,131,0,1,0,351,49,0.0,0,1,0.0,0.0
Bénie Traoré,23,Côte d'Ivoire,Sheffield Utd,Attacker,8,3,384,0,0,67,0,0,0,356,35,0.0,0,0,0.0,0.0
R. Norrington-Davies,26,Wales,Sheffield Utd,Defender,5,2,109,0,0,54,0,1,0,356,35,0.0,0,0,0.0,0.0
T. Davies,27,England,Sheffield Utd,Midfielder,9,2,216,0,0,92,0,2,0,356,35,0.0,0,0,0.0,0.0
I. Kaboré,24,Burkina Faso,Luton,Defender,24,21,1734,0,2,541,0,7,0,389,52,0.0,0,2,0.0,0.0
A. Brooks,22,England,Sheffield Utd,Midfielder,20,12,942,0,0,248,0,1,0,356,35,0.0,0,0,0.0,0.0
R. Brewster,25,England,Sheffield Utd,Attacker,13,3,340,0,0,73,0,0,1,356,35,0.0,0,0,0.0,0.0
M. Lowe,28,England,Sheffield Utd,Defender,10,4,500,0,1,107,0,1,0,356,35,0.0,0,1,0.0,0.0
A. Trusty,27,USA,Sheffield Utd,Defender,32,28,2573,0,0,846,0,4,0,356,35,0.0,0,0,0.0,0.0
W. Osula,22,Denmark,Sheffield Utd,Attacker,21,9,781,0,0,90,0,4,0,356,35,0.0,0,0,0.0,0.0
I. Grbić,29,Croatia,Sheffield Utd,Goalkeeper,9,9,772,0,0,271,0,1,0,356,35,0.0,0,0,0.0,0.0
W. Foderingham,34,England,Sheffield Utd,Goalkeeper,30,29,2648,0,0,944,0,2,0,356,35,0.0,0,0,0.0,0.0
J. Egan,33,Republic of Ireland,Sheffield Utd,Defender,6,6,484,0,0,183,0,2,0,356,35,0.0,0,0,0.0,0.0
R. Giles,25,England,Luton,Defender,11,5,500,0,0,128,0,0,0,389,52,0.0,0,0,0.0,0.0
R. Burke,29,England,Luton,Defender,22,20,1666,0,4,685,0,5,0,389,52,0.0,0,4,0.0,0.0
M. Holgate,29,England,Sheffield Utd,Defender,10,9,714,0,0,165,0,3,1,356,35,0.0,0,0,0.0,0.0
A. Bell,31,Jamaica,Luton,Defender,21,21,1722,0,0,789,0,0,0,389,52,0.0,0,0,0.0,0.0
Y. Larouci,24,France,Sheffield Utd,Defender,11,6,532,0,0,165,0,1,0,356,35,0.0,0,0,0.0,0.0
D. Hashioka,26,Japan,Luton,Defender,10,6,594,0,0,256,0,0,0,389,52,0.0,0,0,0.0,0.0
M. Nakamba,31,Zimbabwe,Luton,Midfielder,13,13,1133,0,0,415,0,5,0,389,52,0.0,0,0,0.0,0.0
S. Aurier,32,Côte d'Ivoire,Nottingham Forest,Defender,12,10,835,0,2,391,0,2,0,351,49,0.0,0,2,0.0,0.0
Diego Carlos,32,Brazil,Aston Villa,Defender,27,20,1811,0,0,1339,0,4,0,58,76,0.0,0,0,0.0,0.0
J. Trafford,23,England,Burnley,Goalkeeper,28,28,2520,0,0,1368,0,2,0,397,55,0.0,0,0,0.0,0.0
Felipe,35,Brazil,Nottingham Forest,Defender,7,4,373,0,0,213,0,4,0,351,49,0.0,0,0,0.0,0.0
C. Kouyaté,35,Senegal,Nottingham Forest,Midfielder,12,2,204,0,0,73,0,2,0,351,49,0.0,0,0,0.0,0.0
R. Olsen,35,Sweden,Aston Villa,Goalkeeper,5,4,404,0,0,184,0,0,0,58,76,0.0,0,0,0.0,0.0
A. Murić,27,Kosovo,Burnley,Goalkeeper,10,10,900,0,0,526,0,0,0,397,55,0.0,0,0,0.0,0.0
C. Lenglet,30,France,Aston Villa,Defender,14,14,1156,0,1,910,0,3,0,58,76,0.0,0,1,0.0,0.0
P. Mpanzu,31,Congo DR,Luton,Midfielder,27,11,1093,0,0,342,0,1,0,389,52,0.0,0,0,0.0,0.0
E. Martínez,33,Argentina,Aston Villa,Goalkeeper,34,34,3016,0,0,1272,0,4,0,58,76,0.0,0,0,0.0,0.0
L. Thomas,24,England,Sheffield Utd,Defender,12,11,920,0,0,275,0,3,0,356,35,0.0,0,0,0.0,0.0
C. Basham,36,England,Sheffield Utd,Defender,8,3,319,0,0,122,0,1,0,356,35,0.0,0,0,0.0,0.0
B. Kamara,26,France,Aston Villa,Midfielder,20,20,1662,0,1,1024,0,7,1,58,76,0.0,0,1,0.0,0.0
T. Iroegbunam,22,England,Aston Villa,Midfielder,9,1,157,0,0,55,0,0,0,58,76,0.0,0,0,0.0,0.0
C. Chambers,30,England,Aston Villa,Defender,5,1,148,0,1,113,0,1,0,58,76,0.0,0,1,0.0,0.0
A. Ben Slimane,24,Tunisia,Sheffield Utd,Midfielder,15,4,412,0,0,134,0,2,0,356,35,0.0,0,0,0.0,0.0
G. Baldock,31,Greece,Sheffield Utd,Defender,13,11,969,0,1,319,0,4,0,356,35,0.0,0,1,0.0,0.0
B. Osborn,31,England,Sheffield Utd,Midfielder,24,14,1362,0,2,506,0,3,0,356,35,0.0,0,2,0.0,0.0
K. Walker,35,England,Manchester City,Defender,32,30,2767,0,4,2136,0,2,0,65,96,0.0,0,4,0.0,0.0
A. Wharton,21,England,Crystal Palace,Midfielder,16,15,1305,0,3,563,0,2,0,354,57,0.0,0,3,0.0,0.0
A. Zaroury,25,Morocco,Burnley,Attacker,6,1,149,0,0,59,0,0,1,397,55,0.0,0,0,0.0,0.0
Hugo Bueno,23,Spain,Wolves,Defender,22,7,730,0,0,330,0,1,0,76,50,0.0,0,0,0.0,0.0
G. Vicario,29,Italy,Tottenham,Goalkeeper,38,38,3420,0,0,1372,0,2,0,73,74,0.0,0,0,0.0,0.0
O. Skipp,25,England,Tottenham,Midfielder,21,5,695,0,0,373,0,3,0,73,74,0.0,0,0,0.0,0.0
S. Benrahma,30,Algeria,West Ham,Attacker,13,5,616,0,1,238,0,1,0,563,60,0.0,0,1,0.0,0.0
A. Ogbonna,37,Italy,West Ham,Defender,11,7,633,0,0,214,0,1,0,563,60,0.0,0,0,0.0,0.0
V. Coufal,33,Czechia,West Ham,Defender,36,36,3140,0,7,1229,0,6,0,563,60,0.0,0,7,0.0,0.0
Ł. Fabiański,40,Poland,West Ham,Goalkeeper,10,7,718,0,0,194,0,0,0,563,60,0.0,0,0,0.0,0.0
Pablo Fornals,29,Spain,West Ham,Midfielder,15,4,418,0,0,200,0,0,0,563,60,0.0,0,0,0.0,0.0
A. Areola,32,France,West Ham,Goalkeeper,31,31,2702,0,0,718,0,1,0,563,60,0.0,0,0,0.0,0.0
K. Phillips,30,England,West Ham,Midfielder,8,3,307,0,0,68,0,2,0,563,60,0.0,0,0,0.0,0.0
D. Mubama,21,England,West Ham,Attacker,5,0,75,0,0,22,0,0,0,563,60,0.0,0,0,0.0,0.0
A. Cresswell,36,England,West Ham,Defender,11,4,431,0,0,247,0,1,0,563,60,0.0,0,0,0.0,0.0
Ben Johnson,25,England,West Ham,Defender,14,4,533,0,0,262,0,1,0,563,60,0.0,0,0,0.0,0.0
N. Fraser,20,Republic of Ireland,Wolves,Attacker,7,1,180,0,0,42,0,1,0,76,50,0.0,0,0,0.0,0.0
Fábio Silva,23,Portugal,Wolves,Attacker,8,3,261,0,0,75,0,2,0,76,50,0.0,0,0,0.0,0.0
M. Kerkez,22,Hungary,Bournemouth,Defender,28,22,1974,0,1,627,0,4,1,1044,54,0.0,0,1,0.0,0.0
Boubacar Traoré,24,Mali,Wolves,Midfielder,24,7,805,0,0,443,0,4,0,76,50,0.0,0,0,0.0,0.0
T. Chirewa,22,England,Wolves,Midfielder,8,1,139,0,0,53,0,1,0,76,50,0.0,0,0,0.0,0.0
Nélson Semedo,32,Portugal,Wolves,Defender,36,36,3091,0,1,1516,0,11,1,76,50,0.0,0,1,0.0,0.0
S. Bueno,27,Uruguay,Wolves,Defender,12,9,821,0,0,476,0,1,0,76,50,0.0,0,0,0.0,0.0
José Sá,32,Portugal,Wolves,Goalkeeper,35,35,3039,0,1,904,0,1,0,76,50,0.0,0,1,0.0,0.0
D. Bentley,32,England,Wolves,Goalkeeper,5,3,381,0,0,135,0,0,0,76,50,0.0,0,0,0.0,0.0
T. Doyle,24,England,Wolves,Midfielder,26,11,1213,0,0,911,0,2,0,76,50,0.0,0,0,0.0,0.0
A. Young,40,England,Everton,Defender,31,27,2289,0,0,775,0,6,0,62,40,0.0,0,0,0.0,0.0
B. Godfrey,27,England,Everton,Defender,15,13,1121,0,0,341,0,2,0,62,40,0.0,0,0,0.0,0.0
Youssef Chermiti,21,Portugal,Everton,Attacker,18,1,192,0,0,58,0,3,0,62,40,0.0,0,0,0.0,0.0
N. Patterson,24,Scotland,Everton,Defender,20,9,996,0,2,408,0,4,0,62,40,0.0,0,2,0.0,0.0
S. Coleman,37,Republic of Ireland,Everton,Defender,12,7,662,0,0,220,0,0,0,62,40,0.0,0,0,0.0,0.0
J. Pickford,31,England,Everton,Goalkeeper,38,38,3420,0,0,1430,0,5,0,62,40,0.0,0,0,0.0,0.0
R. Drăgușin,23,Romania,Tottenham,Defender,9,4,424,0,0,369,0,1,0,73,74,0.0,0,0,0.0,0.0
Y. Bissouma,29,Mali,Tottenham,Midfielder,28,26,2083,0,0,1834,0,10,1,73,74,0.0,0,0,0.0,0.0
Bryan Gil,24,Spain,Tottenham,Attacker,11,2,202,0,0,144,0,0,0,73,74,0.0,0,0,0.0,0.0
M. Solomon,26,Israel,Tottenham,Attacker,5,2,198,0,2,85,0,1,0,73,74,0.0,0,2,0.0,0.0
Sergio Gómez,25,Spain,Manchester City,Midfielder,6,0,48,0,1,49,0,0,0,65,96,0.0,0,1,0.0,0.0
Matheus Nunes,27,Portugal,Manchester City,Midfielder,17,7,655,0,2,422,0,0,0,65,96,0.0,0,2,0.0,0.0
Rúben Dias,28,Portugal,Manchester City,Defender,30,28,2557,0,0,2609,0,0,0,65,96,0.0,0,0,0.0,0.0
S. Ortega,33,Germany,Manchester City,Goalkeeper,9,5,631,0,0,242,0,0,0,65,96,0.0,0,0,0.0,0.0
Ederson,32,Brazil,Manchester City,Goalkeeper,33,33,2789,0,0,1096,0,5,0,65,96,0.0,0,0,0.0,0.0
J. Matip,33,Cameroon,Liverpool,Defender,10,9,783,0,0,563,0,2,0,64,86,0.0,0,0,0.0,0.0
B. Clark,20,England,Liverpool,Midfielder,5,1,86,0,0,49,0,0,0,64,86,0.0,0,0,0.0,0.0
C. Kelleher,27,Republic of Ireland,Liverpool,Goalkeeper,10,10,900,0,0,387,0,0,0,64,86,0.0,0,0,0.0,0.0
I. Konaté,26,France,Liverpool,Defender,22,17,1571,0,0,1445,0,4,0,64,86,0.0,0,0,0.0,0.0
J. Gomez,28,England,Liverpool,Defender,32,17,1777,0,1,1148,0,5,0,64,86,0.0,0,1,0.0,0.0
Alisson Becker,33,Brazil,Liverpool,Goalkeeper,28,28,2520,0,0,997,0,1,0,64,86,0.0,0,0,0.0,0.0
K. Tsimikas,29,Greece,Liverpool,Defender,13,8,676,0,3,360,0,0,0,64,86,0.0,0,3,0.0,0.0
Jorginho,34,Italy,Arsenal,Midfielder,24,10,914,0,2,773,0,1,0,57,91,0.0,0,2,0.0,0.0
T. Partey,32,Ghana,Arsenal,Midfielder,14,9,788,0,0,621,0,3,0,57,91,0.0,0,0,0.0,0.0
E. Smith Rowe,25,England,Arsenal,Midfielder,13,3,346,0,1,211,0,0,0,57,91,0.0,0,1,0.0,0.0
R. Nelson,26,England,Arsenal,Attacker,15,1,255,0,0,127,0,1,0,57,91,0.0,0,0,0.0,0.0
David Raya,30,Spain,Arsenal,Goalkeeper,32,32,2880,0,0,906,0,2,0,57,91,0.0,0,0,0.0,0.0
A. Ramsdale,27,England,Arsenal,Goalkeeper,6,6,540,0,0,158,0,0,0,57,91,0.0,0,0,0.0,0.0
Reguilón,29,Spain,Manchester United,Defender,9,4,410,0,4,412,0,3,0,66,57,0.0,0,4,0.0,0.0
J. Evans,37,Northern Ireland,Manchester United,Defender,23,15,1391,0,1,827,0,2,0,66,57,0.0,0,1,0.0,0.0
Willy Kambwala Ndengushi,21,France,Manchester United,Defender,8,3,326,0,0,191,0,1,0,66,57,0.0,0,0,0.0,0.0
A. Wan-Bissaka,28,England,Manchester United,Defender,22,20,1782,0,2,832,0,4,0,66,57,0.0,0,2,0.0,0.0
Lisandro Martínez,27,Argentina,Manchester United,Defender,11,8,649,0,1,442,0,3,0,66,57,0.0,0,1,0.0,0.0
L. Shaw,30,England,Manchester United,Defender,12,12,963,0,0,551,0,6,0,66,57,0.0,0,0,0.0,0.0
Andre Onana,29,Cameroon,Manchester United,Goalkeeper,38,38,3420,0,0,1373,0,5,0,66,57,0.0,0,0,0.0,0.0
I. Perišić,36,Croatia,Tottenham,Attacker,5,0,98,0,1,61,0,2,0,73,74,0.0,0,1,0.0,0.0
P. Højbjerg,30,Denmark,Tottenham,Midfielder,36,8,1287,0,0,1383,0,4,0,73,74,0.0,0,0,0.0,0.0
Reguilón,29,Spain,Brentford,Defender,16,14,1122,0,4,412,0,4,1,402,56,0.0,0,4,0.0,0.0
M. Olakigbe,21,England,Brentford,Attacker,8,0,51,0,0,32,0,0,0,402,56,0.0,0,0,0.0,0.0
M. Flekken,32,Netherlands,Brentford,Goalkeeper,37,37,3286,0,1,1446,0,3,0,402,56,0.0,0,1,0.0,0.0
P. Dummett,34,Wales,Newcastle,Defender,5,0,15,0,0,22,0,0,0,67,85,0.0,0,0,0.0,0.0
E. Krafth,31,Sweden,Newcastle,Defender,17,8,905,0,0,510,0,2,0,67,85,0.0,0,0,0.0,0.0
N. Pope,33,England,Newcastle,Goalkeeper,15,15,1346,0,0,312,0,1,0,67,85,0.0,0,0,0.0,0.0
M. Dúbravka,36,Slovakia,Newcastle,Goalkeeper,23,22,1984,0,0,508,0,1,0,67,85,0.0,0,0,0.0,0.0
A. Lallana,37,England,Brighton,Midfielder,25,13,850,0,1,499,0,2,0,397,55,0.0,0,1,0.0,0.0
J. Moder,26,Poland,Brighton,Midfielder,17,6,612,0,0,289,0,2,0,397,55,0.0,0,0,0.0,0.0
V. Barco,21,Argentina,Brighton,Defender,6,3,305,0,0,187,0,1,0,397,55,0.0,0,0,0.0,0.0
B. Gilmour,24,Scotland,Brighton,Midfielder,30,24,2125,0,1,2064,0,8,1,397,55,0.0,0,1,0.0,0.0
M. Dahoud,29,Germany,Brighton,Midfielder,9,6,454,0,1,325,0,1,1,397,55,0.0,0,1,0.0,0.0
J. Enciso,21,Paraguay,Brighton,Midfielder,12,5,475,0,2,167,0,2,0,397,55,0.0,0,2,0.0,0.0
C. Baleba,21,Cameroon,Brighton,Midfielder,27,15,1323,0,0,772,0,7,0,397,55,0.0,0,0,0.0,0.0
J. Milner,39,England,Brighton,Midfielder,15,11,779,0,2,500,0,3,0,397,55,0.0,0,2,0.0,0.0
J. van Hecke,25,Netherlands,Brighton,Defender,28,26,2367,0,0,2399,0,4,0,397,55,0.0,0,0,0.0,0.0
T. Lamptey,25,Ghana,Brighton,Defender,19,10,913,0,3,371,0,3,0,397,55,0.0,0,3,0.0,0.0
A. Webster,30,England,Brighton,Defender,15,13,1144,0,0,1086,0,2,0,397,55,0.0,0,0,0.0,0.0
B. Verbruggen,23,Netherlands,Brighton,Goalkeeper,21,21,1890,0,0,743,0,3,0,397,55,0.0,0,0,0.0,0.0
J. Steele,35,England,Brighton,Goalkeeper,17,17,1530,0,0,602,0,0,0,397,55,0.0,0,0,0.0,0.0
Igor,27,Brazil,Brighton,Defender,24,17,1635,0,0,1417,0,4,0,397,55,0.0,0,0,0.0,0.0
Benicio Baker-Boaitey,21,England,Brighton,Midfielder,5,0,35,0,0,19,0,1,0,397,55,0.0,0,0,0.0,0.0
M. Aarons,25,England,Bournemouth,Defender,20,13,1233,0,1,451,0,1,0,1044,54,0.0,0,1,0.0,0.0
L. Kelly,27,England,Bournemouth,Defender,23,17,1558,0,1,772,0,2,0,1044,54,0.0,0,1,0.0,0.0
J. Rothwell,30,England,Bournemouth,Midfielder,11,3,380,0,0,202,0,0,0,1044,54,0.0,0,0,0.0,0.0
L. Cook,28,England,Bournemouth,Midfielder,33,32,2791,0,3,1343,0,5,1,1044,54,0.0,0,3,0.0,0.0
R. Christie,30,Scotland,Bournemouth,Midfielder,37,35,2922,0,5,1220,0,6,0,1044,54,0.0,0,5,0.0,0.0
R. Faivre,27,France,Bournemouth,Midfielder,5,0,36,0,0,23,0,1,0,1044,54,0.0,0,0,0.0,0.0
C. Mepham,28,Wales,Bournemouth,Defender,10,6,614,0,1,354,0,2,0,1044,54,0.0,0,1,0.0,0.0
A. Smith,34,England,Bournemouth,Defender,28,25,2158,0,2,768,0,6,0,1044,54,0.0,0,2,0.0,0.0
Neto,36,Brazil,Bournemouth,Goalkeeper,32,32,2880,0,0,902,0,5,0,1044,54,0.0,0,0,0.0,0.0
E. Anderson,23,Scotland,Newcastle,Midfielder,21,10,1022,0,2,416,0,3,0,67,85,0.0,0,2,0.0,0.0
A. Broja,24,Albania,Fulham,Attacker,8,0,81,0,0,93,0,0,0,63,55,0.0,0,0,0.0,0.0
Y. Yarmolyuk,21,Ukraine,Brentford,Midfielder,27,6,674,0,0,282,0,2,0,402,56,0.0,0,0,0.0,0.0
B. Leno,33,Germany,Fulham,Goalkeeper,38,38,3420,0,0,1407,0,3,0,63,55,0.0,0,0,0.0,0.0
R. Henry,28,England,Brentford,Defender,5,5,402,0,1,156,0,1,0,402,56,0.0,0,1,0.0,0.0
A. Hickey,23,Scotland,Brentford,Defender,9,9,720,0,0,252,0,5,0,402,56,0.0,0,0,0.0,0.0
M. Damsgaard,25,Denmark,Brentford,Midfielder,23,7,832,0,2,394,0,2,0,402,56,0.0,0,2,0.0,0.0
C. Casadei,22,Italy,Chelsea,Midfielder,11,0,67,0,0,65,0,0,0,61,77,0.0,0,0,0.0,0.0
B. Badiashile,24,France,Chelsea,Defender,18,15,1337,0,1,1165,0,3,0,61,77,0.0,0,1,0.0,0.0
L. Ugochukwu,21,France,Chelsea,Midfielder,12,3,294,0,0,183,0,2,0,61,77,0.0,0,0,0.0,0.0
M. Gusto,22,France,Chelsea,Defender,27,19,1754,0,6,1218,0,7,1,61,77,0.0,0,6,0.0,0.0
Marc Cucurella,27,Spain,Chelsea,Defender,21,20,1785,0,2,1057,0,10,0,61,77,0.0,0,2,0.0,0.0
B. Chilwell,29,England,Chelsea,Defender,13,9,758,0,1,405,0,5,0,61,77,0.0,0,1,0.0,0.0
R. James,26,England,Chelsea,Defender,10,5,420,0,2,267,0,1,1,61,77,0.0,0,2,0.0,0.0
J. Ward,36,England,Crystal Palace,Defender,26,23,1981,0,1,802,0,4,0,354,57,0.0,0,1,0.0,0.0
J. Riedewald,29,Netherlands,Crystal Palace,Midfielder,9,2,229,0,0,108,0,0,0,354,57,0.0,0,0,0.0,0.0
S. Johnstone,32,England,Crystal Palace,Goalkeeper,20,20,1797,0,0,531,0,1,0,354,57,0.0,0,0,0.0,0.0
Matheus França,21,Brazil,Crystal Palace,Attacker,10,1,224,0,1,65,0,1,0,354,57,0.0,0,1,0.0,0.0
D. Ozoh,20,England,Crystal Palace,Midfielder,9,0,147,0,0,51,0,1,0,354,57,0.0,0,0,0.0,0.0
J. Rak-Sakyi,23,England,Crystal Palace,Midfielder,6,0,130,0,0,47,0,0,0,354,57,0.0,0,0,0.0,0.0
N. Ahamada,23,France,Crystal Palace,Midfielder,20,0,333,0,0,179,0,3,0,354,57,0.0,0,0,0.0,0.0
W. Hughes,30,England,Crystal Palace,Midfielder,30,23,1898,0,1,845,0,6,0,354,57,0.0,0,1,0.0,0.0
C. Doucouré,25,Mali,Crystal Palace,Midfielder,11,11,922,0,0,421,0,2,0,354,57,0.0,0,0,0.0,0.0
N. Clyne,34,England,Crystal Palace,Defender,19,14,1337,0,0,533,0,0,0,354,57,0.0,0,0,0.0,0.0
D. Muñoz,29,Colombia,Crystal Palace,Defender,16,16,1440,0,4,566,0,4,0,354,57,0.0,0,4,0.0,0.0
M. Guéhi,25,England,Crystal Palace,Defender,25,23,2023,0,1,1296,0,2,0,354,57,0.0,0,1,0.0,0.0
D. Henderson,28,England,Crystal Palace,Goalkeeper,18,18,1620,0,0,430,0,2,0,354,57,0.0,0,0,0.0,0.0
F. Ballo-Touré,28,Senegal,Fulham,Defender,6,0,66,0,0,55,0,1,0,63,55,0.0,0,0,0.0,0.0
H. Reed,30,England,Fulham,Midfielder,27,15,1323,0,2,722,0,6,0,63,55,0.0,0,2,0.0,0.0
A. Robinson,28,USA,Fulham,Defender,37,37,3269,0,6,1627,0,6,0,63,55,0.0,0,6,0.0,0.0
I. Diop,28,France,Fulham,Defender,18,16,1426,0,0,1074,0,3,0,63,55,0.0,0,0,0.0,0.0
O. Vlachodimos,31,Greece,Nottingham Forest,Goalkeeper,5,5,450,0,0,153,0,0,0,351,49,0.0,0,0,0.0,0.0
